var,n,k,T
cc,63,0.0003,7347.30363076388
cc,63,3e-05,7347.27788574093
cc,63,9e-05,7347.2836570263
nc,64,0.0003,7282.637189638
nc,64,3e-05,7282.61169194115
nc,64,9e-05,7282.61740519097
