var,n,D1,D2
cc,96,12.108394439725,2.69709685855955
cc,192,1.12293395490068,0.506009142169382
cc,384,0.601888264255684,0.324657931904769
